<?xml version="1.0" ?>
<LOG_ROOT>
	<PROJECT NAME="lab5">
		<CBX_INST_ENTRY INSTANCE_NAME="|lab5|arbitr:inst1|checkinput:inst16|lpm_compare0:inst23|lpm_compare:lpm_compare_component" CBX_FILE_NAME="cmpr_0tg.tdf"/>
		<CBX_INST_ENTRY INSTANCE_NAME="|lab5|arbitr:inst1|lpm_counter8:inst12|lpm_counter:lpm_counter_component" CBX_FILE_NAME="cntr_plh.tdf"/>
		<CBX_INST_ENTRY INSTANCE_NAME="|lab5|master2:inst10|lpm_constant1:inst2|lpm_constant:lpm_constant_component" CBX_FILE_NAME="lpm_constant_8e6.tdf"/>
		<CBX_INST_ENTRY INSTANCE_NAME="|lab5|master2:inst10|lpm_decode0:inst14|lpm_decode:lpm_decode_component" CBX_FILE_NAME="decode_u7f.tdf"/>
		<CBX_INST_ENTRY INSTANCE_NAME="|lab5|master2:inst10|lpm_decode1:inst40|lpm_decode:lpm_decode_component" CBX_FILE_NAME="decode_u7f.tdf"/>
		<CBX_INST_ENTRY INSTANCE_NAME="|lab5|master4:inst12|lpm_counter9:inst39|lpm_counter:lpm_counter_component" CBX_FILE_NAME="cntr_r3i.tdf"/>
		<CBX_INST_ENTRY INSTANCE_NAME="|lab5|arbitr:inst1|checkinput:inst16|lpm_compare0:inst24|lpm_compare:lpm_compare_component" CBX_FILE_NAME="cmpr_0tg.tdf"/>
		<CBX_INST_ENTRY INSTANCE_NAME="|lab5|arbitr:inst1|checkinput:inst16|lpm_compare0:inst25|lpm_compare:lpm_compare_component" CBX_FILE_NAME="cmpr_0tg.tdf"/>
		<CBX_INST_ENTRY INSTANCE_NAME="|lab5|master3:inst11|lpm_decode0:inst14|lpm_decode:lpm_decode_component" CBX_FILE_NAME="decode_u7f.tdf"/>
		<CBX_INST_ENTRY INSTANCE_NAME="|lab5|master3:inst11|lpm_decode1:inst40|lpm_decode:lpm_decode_component" CBX_FILE_NAME="decode_u7f.tdf"/>
		<CBX_INST_ENTRY INSTANCE_NAME="|lab5|arbitr:inst1|checkinput:inst16|lpm_compare0:inst26|lpm_compare:lpm_compare_component" CBX_FILE_NAME="cmpr_0tg.tdf"/>
		<CBX_INST_ENTRY INSTANCE_NAME="|lab5|arbitr:inst1|lpm_counter2:inst13|lpm_counter:lpm_counter_component" CBX_FILE_NAME="cntr_3oj.tdf"/>
		<CBX_INST_ENTRY INSTANCE_NAME="|lab5|master1:inst9|lpm_counter9:inst39|lpm_counter:lpm_counter_component" CBX_FILE_NAME="cntr_r3i.tdf"/>
		<CBX_INST_ENTRY INSTANCE_NAME="|lab5|arbitr:inst1|checkinput:inst16|lpm_compare0:inst27|lpm_compare:lpm_compare_component" CBX_FILE_NAME="cmpr_0tg.tdf"/>
		<CBX_INST_ENTRY INSTANCE_NAME="|lab5|arbitr:inst1|lpm_constant16:inst64|lpm_constant:lpm_constant_component" CBX_FILE_NAME="lpm_constant_qf6.tdf"/>
		<CBX_INST_ENTRY INSTANCE_NAME="|lab5|master1:inst9|lpm_constant0:inst|lpm_constant:lpm_constant_component" CBX_FILE_NAME="lpm_constant_7e6.tdf"/>
		<CBX_INST_ENTRY INSTANCE_NAME="|lab5|master2:inst10|lpm_counter9:inst39|lpm_counter:lpm_counter_component" CBX_FILE_NAME="cntr_r3i.tdf"/>
		<CBX_INST_ENTRY INSTANCE_NAME="|lab5|master3:inst11|lpm_constant2:inst3|lpm_constant:lpm_constant_component" CBX_FILE_NAME="lpm_constant_9e6.tdf"/>
		<CBX_INST_ENTRY INSTANCE_NAME="|lab5|master4:inst12|lpm_decode0:inst14|lpm_decode:lpm_decode_component" CBX_FILE_NAME="decode_u7f.tdf"/>
		<CBX_INST_ENTRY INSTANCE_NAME="|lab5|master4:inst12|lpm_decode1:inst40|lpm_decode:lpm_decode_component" CBX_FILE_NAME="decode_u7f.tdf"/>
		<CBX_INST_ENTRY INSTANCE_NAME="|lab5|arbitr:inst1|lpm_compare3:inst17|lpm_compare:lpm_compare_component" CBX_FILE_NAME="cmpr_o8j.tdf"/>
		<CBX_INST_ENTRY INSTANCE_NAME="|lab5|arbitr:inst1|lpm_counter0:inst9|lpm_counter:lpm_counter_component" CBX_FILE_NAME="cntr_1oj.tdf"/>
		<CBX_INST_ENTRY INSTANCE_NAME="|lab5|arbitr:inst1|lpm_counter3:inst15|lpm_counter:lpm_counter_component" CBX_FILE_NAME="cntr_4oj.tdf"/>
		<CBX_INST_ENTRY INSTANCE_NAME="|lab5|arbitr:inst1|lpm_decode0:inst14|lpm_decode:lpm_decode_component" CBX_FILE_NAME="decode_u7f.tdf"/>
		<CBX_INST_ENTRY INSTANCE_NAME="|lab5|master3:inst11|lpm_counter9:inst39|lpm_counter:lpm_counter_component" CBX_FILE_NAME="cntr_r3i.tdf"/>
		<CBX_INST_ENTRY INSTANCE_NAME="|lab5|master4:inst12|lpm_constant3:inst11|lpm_constant:lpm_constant_component" CBX_FILE_NAME="lpm_constant_ae6.tdf"/>
		<CBX_INST_ENTRY INSTANCE_NAME="|lab5|arbitr:inst1|checkinput:inst16|lpm_compare0:inst22|lpm_compare:lpm_compare_component" CBX_FILE_NAME="cmpr_0tg.tdf"/>
		<CBX_INST_ENTRY INSTANCE_NAME="|lab5|arbitr:inst1|lpm_counter1:inst10|lpm_counter:lpm_counter_component" CBX_FILE_NAME="cntr_2oj.tdf"/>
		<CBX_INST_ENTRY INSTANCE_NAME="|lab5|master1:inst9|lpm_decode0:inst14|lpm_decode:lpm_decode_component" CBX_FILE_NAME="decode_u7f.tdf"/>
		<CBX_INST_ENTRY INSTANCE_NAME="|lab5|master1:inst9|lpm_decode1:inst40|lpm_decode:lpm_decode_component" CBX_FILE_NAME="decode_u7f.tdf"/>
	</PROJECT>
</LOG_ROOT>
